Top queries,Clicks,Impressions,CTR,Position
dikke klokken,48,195,24.62%,3.47
dikke klok,22,73,30.14%,1.62
dikste horloges.nl,4,109,3.67%,6.18
dikste horloges,3,226,1.33%,7.13
horloge boeken,2,44,4.55%,9.11
beste horloges aliexpress,2,9,22.22%,11.56
zustermerk rolex,1,124,0.81%,5.12
rolex batterij vervangen,1,84,1.19%,34.86
automatisch horloge loopt te snel,1,44,2.27%,17.89
automatisch horloge loopt te langzaam,1,34,2.94%,10.41
polsmaat horloge,1,12,8.33%,11.42
dikke horloges,0,378,0%,45.92
automatisch horloge staat stil,0,152,0%,34.4
onderhoud automatisch horloge,0,115,0%,26.86
automatisch horloge onderhoud,0,114,0%,23.02
automatisch horloge repareren,0,85,0%,55.95
onderhoud horloge,0,83,0%,65.71
aliexpress horloges,0,78,0%,36
wat betekent limited edition,0,72,0%,8.94
rolex onderhoud,0,68,0%,46.75
rolex hulk,0,63,0%,43
horloge boek,0,61,0%,11.7
horloge maat meten,0,55,0%,28.65
horloge onderhoud,0,55,0%,77.02
goedkoop automatisch horloge,0,53,0%,56.32
diameter horloge meten,0,51,0%,50.29
rolex klok,0,46,0%,48.91
diameter horlogekast meten,0,44,0%,21.16
horlogeboeken,0,37,0%,28.7
uurwerk onderhoud,0,36,0%,72.78
limited edition horloges,0,34,0%,54.79
dames horloge dikke pols,0,30,0%,26.43
horloge aliexpress,0,30,0%,36.4
aliexpress horloge,0,25,0%,33.4
horloge schoon laten maken,0,23,0%,94.04
rolex kopen,0,22,0%,65.36
automatisch horloge loopt niet meer,0,21,0%,26.52
rolex superman,0,20,0%,22
rolex polijsten,0,20,0%,67.4
horloge accessoires,0,18,0%,43.06
horloge-onderhoud,0,18,0%,81.78
boeken over horloges,0,17,0%,11.59
tudor black bay 58 wachtlijst,0,17,0%,19.24
dikstehorloges,0,16,0%,6.25
rolex loopt te snel,0,16,0%,7.81
beste chinese horloges,0,16,0%,15.25
rolex onderhoud prijs,0,16,0%,29.25
rolex alternatief,0,14,0%,9.29
chinese horloges,0,14,0%,65.57
horloge loopt te snel,0,13,0%,15.23
onderhoud rolex,0,13,0%,40.85
betekend dit,0,11,0%,54.64
quartz horloge loopt achter,0,11,0%,84.45
boek horloges,0,10,0%,16.8
rolex gmt prijs,0,10,0%,50.6
klok.nl,0,10,0%,90.6
horloge loopt te langzaam,0,9,0%,20.11
rolex submariner groen,0,9,0%,60.89
horloge maat pols,0,8,0%,11.88
vierkant horloge,0,8,0%,35.5
rolex verkooppunten,0,8,0%,43
rolex onderhoudsbeurt,0,8,0%,44.88
boek over horloges,0,7,0%,21.14
rolex loopt niet meer,0,7,0%,24
rolex handelaar,0,7,0%,41.14
mooiste horloge,0,7,0%,45.71
kosten onderhoud automatisch horloge,0,7,0%,57.14
hoe vaak horloge opwinden,0,7,0%,80
wachttijd rolex,0,6,0%,41.17
rolex submariner prijs,0,6,0%,54
rolex glas kapot,0,6,0%,57.67
horloge schroefjes,0,6,0%,69.5
ik hoef geen coke als ik pepsi,0,6,0%,79.17
horloge staat soms stil,0,5,0%,11.2
rolex onderhoud wanneer,0,5,0%,22.8
batterij klok loopt te snel,0,5,0%,29.6
rolex batterij,0,5,0%,32.2
polsomtrek meten,0,5,0%,37.2
betaalbare rolex,0,5,0%,43.6
rolex vierkant,0,5,0%,57.2
horloge tandwielen,0,5,0%,63.6
rolex onderhoud kosten,0,5,0%,69.4
officiele klok,0,5,0%,84
horloge maten dames,0,4,0%,12.75
seagull 1963 kopen,0,4,0%,18
horloge opnieuw vergulden,0,4,0%,20
rolex hulk prijs,0,4,0%,27.5
bergeon schroevendraaier,0,4,0%,29.75
horloge dozen,0,4,0%,39.25
rolex submariner service kosten,0,4,0%,46.75
rolex financieren,0,4,0%,57.75
goede goedkope horloges,0,4,0%,77.5
polsmaat meten,0,4,0%,84.5
waar horloge kopen,0,4,0%,99
duurste casio horloge,0,3,0%,9.33
quartz horloge loopt te snel,0,3,0%,10.33
grootte horloge pols,0,3,0%,13.67
horloge handelaar worden,0,3,0%,15
horloge te groot voor pols,0,3,0%,17.33
hoe meet je horloge maat,0,3,0%,18.67
welke maat horloge,0,3,0%,19
heeft een rolex een batterij,0,3,0%,33
timex horloges kwaliteit,0,3,0%,43
is chrono24 betrouwbaar,0,3,0%,46
rolex polijsten of niet,0,3,0%,46.33
breitling boek,0,3,0%,51.67
rolex kroon vervangen,0,3,0%,53
horloge staat stil,0,3,0%,54.67
horloge opbergen,0,3,0%,61.33
polsmaat,0,3,0%,62
japans horlogemerk,0,3,0%,64.33
sporthorlogecenter,0,3,0%,66.67
swatch verkooppunten,0,3,0%,72.33
sephora zwitserland,0,3,0%,84.67
automatisch horloge,0,3,0%,95.33
rolex boek decoratie,0,2,0%,1
rolex rood zwart,0,2,0%,1
superman rolex,0,2,0%,11
hoe groot horloge pols,0,2,0%,16
17 rubis incabloc,0,2,0%,18.5
nh35 uurwerk,0,2,0%,19
afwijking automatisch horloge,0,2,0%,20
polsmaat meten horloge,0,2,0%,20
duurste swatch horloge,0,2,0%,24.5
zusterbedrijf rolex,0,2,0%,24.5
seagull horloge,0,2,0%,27
wat is limited edition,0,2,0%,28
nieuw horloge loopt niet,0,2,0%,30
pols meten horloge,0,2,0%,34
diameter rolex submariner,0,2,0%,36
rolex 300 euro,0,2,0%,38
rolex beschikbaarheid,0,2,0%,43.5
rolex submariner groen prijs,0,2,0%,45
gemiddelde polsmaat man,0,2,0%,50.5
flik flak horloge met naam,0,2,0%,51.5
patser kijken,0,2,0%,56.5
mechanisch horloge onderhoud,0,2,0%,61
pols maat,0,2,0%,70.5
onderhoud rolex kosten,0,2,0%,71
polshorloges voor kinderen,0,2,0%,72.5
welke pols horloge,0,2,0%,72.5
seiko hulk,0,2,0%,74.5
wat betekend daan,0,2,0%,82.5
automatisch horloge loopt achter,0,2,0%,87
mechanisch horloge repareren,0,2,0%,90
horloge 500 euro,0,2,0%,93.5
klok loopt te snel,0,2,0%,98
wat is een automatisch horloge,0,2,0%,98
betaalbare horloge merken,0,2,0%,101.5
hublot service watch,0,1,0%,1
rolex zwart rood,0,1,0%,1
de klok met duizend wijzers,0,1,0%,3
klok met geschreven tijd,0,1,0%,3
horloge maker,0,1,0%,5
bell & ross,0,1,0%,6
hublot not for resale watch,0,1,0%,6
alternatief rolex,0,1,0%,9
hoeveel horloges maakt rolex per jaar,0,1,0%,9
polsomtrek horloge,0,1,0%,11
eerste rolex kopen,0,1,0%,12
horloge maat tabel,0,1,0%,16
17 cm polsomtrek horloge,0,1,0%,18
quartz klok loopt te snel,0,1,0%,18
rubis incabloc,0,1,0%,18
ad dealer,0,1,0%,24
cartier klok,0,1,0%,26
rolex klok groot,0,1,0%,26
bergeon gereedschap,0,1,0%,29
cadeau voor horlogeliefhebber,0,1,0%,31
casio horloge kind,0,1,0%,31
schroevendraaier horloge,0,1,0%,32
rolex hulk kopen,0,1,0%,34
beste aliexpress,0,1,0%,35
hoe meet je je pols,0,1,0%,35
horloges aliexpress,0,1,0%,36
levensduur automatisch horloge,0,1,0%,37
lugs horloge,0,1,0%,37
rolex hulk submariner,0,1,0%,38
san martin aliexpress,0,1,0%,38
nieuwe rolex kopen,0,1,0%,40
horloge loopt niet meer,0,1,0%,41
yema horloge,0,1,0%,41
beste koop aliexpress,0,1,0%,42
casio g-shock,0,1,0%,46
rolex the hulk,0,1,0%,50
binnenkant horloge schoonmaken,0,1,0%,51
hulk rolex,0,1,0%,51
vierkant horloge heren,0,1,0%,51
is rolex een stichting,0,1,0%,52
meest gewilde rolex,0,1,0%,60
rolex binnenkant,0,1,0%,60
rolex 16700,0,1,0%,61
vierkante rolex,0,1,0%,61
wat betekent limited,0,1,0%,61
rolex stichting,0,1,0%,63
horloge pols,0,1,0%,64
eerste horloge kind,0,1,0%,65
rolex onderdelen,0,1,0%,66
quartz of automaat,0,1,0%,71
horloge binnenkant pols,0,1,0%,73
hans wilsdorf family,0,1,0%,77
modellen rolex,0,1,0%,77
formaat horlogekast,0,1,0%,79
waar staat gmt voor,0,1,0%,82
horloge polijsten zelf,0,1,0%,84
mooiste horloges,0,1,0%,85
bekende horloge merken,0,1,0%,86
om welke pols horloge,0,1,0%,87
horloges opbergen,0,1,0%,88
duitse horlogemerken,0,1,0%,90
nieuwe rolex modellen 2023,0,1,0%,91
rolex modellen,0,1,0%,92
horloges personaliseren,0,1,0%,93
horloge loopt achter bij dragen,0,1,0%,95
horloge maat,0,1,0%,97
klokken.nl,0,1,0%,97
handigste,0,1,0%,99
speciale horloges,0,1,0%,99